{
  "language_pair": "en_ja",
  "n_positives": 351,
  "n_negatives": 351,
  "per_bucket": {
    "person": {
      "t3": {
        "TP": 0,
        "FP": 0,
        "TN": 50,
        "FN": 50,
        "precision": 0.0,
        "recall": 0.0,
        "f1": 0.0
      },
      "t4": {
        "TP": 4,
        "FP": 3,
        "TN": 47,
        "FN": 46,
        "precision": 0.5714285714285714,
        "recall": 0.08,
        "f1": 0.14035087719298248
      },
      "combined": {
        "TP": 4,
        "FP": 3,
        "TN": 47,
        "FN": 46,
        "precision": 0.5714285714285714,
        "recall": 0.08,
        "f1": 0.14035087719298248
      }
    },
    "organization": {
      "t3": {
        "TP": 8,
        "FP": 0,
        "TN": 50,
        "FN": 42,
        "precision": 1.0,
        "recall": 0.16,
        "f1": 0.2758620689655173
      },
      "t4": {
        "TP": 16,
        "FP": 1,
        "TN": 49,
        "FN": 34,
        "precision": 0.9411764705882353,
        "recall": 0.32,
        "f1": 0.4776119402985075
      },
      "combined": {
        "TP": 18,
        "FP": 1,
        "TN": 49,
        "FN": 32,
        "precision": 0.9473684210526315,
        "recall": 0.36,
        "f1": 0.5217391304347826
      }
    },
    "city": {
      "t3": {
        "TP": 1,
        "FP": 0,
        "TN": 50,
        "FN": 49,
        "precision": 1.0,
        "recall": 0.02,
        "f1": 0.0392156862745098
      },
      "t4": {
        "TP": 14,
        "FP": 4,
        "TN": 46,
        "FN": 36,
        "precision": 0.7777777777777778,
        "recall": 0.28,
        "f1": 0.4117647058823529
      },
      "combined": {
        "TP": 14,
        "FP": 4,
        "TN": 46,
        "FN": 36,
        "precision": 0.7777777777777778,
        "recall": 0.28,
        "f1": 0.4117647058823529
      }
    },
    "country": {
      "t3": {
        "TP": 0,
        "FP": 0,
        "TN": 50,
        "FN": 50,
        "precision": 0.0,
        "recall": 0.0,
        "f1": 0.0
      },
      "t4": {
        "TP": 37,
        "FP": 3,
        "TN": 47,
        "FN": 13,
        "precision": 0.925,
        "recall": 0.74,
        "f1": 0.8222222222222222
      },
      "combined": {
        "TP": 37,
        "FP": 3,
        "TN": 47,
        "FN": 13,
        "precision": 0.925,
        "recall": 0.74,
        "f1": 0.8222222222222222
      }
    },
    "film": {
      "t3": {
        "TP": 1,
        "FP": 0,
        "TN": 50,
        "FN": 49,
        "precision": 1.0,
        "recall": 0.02,
        "f1": 0.0392156862745098
      },
      "t4": {
        "TP": 10,
        "FP": 0,
        "TN": 50,
        "FN": 40,
        "precision": 1.0,
        "recall": 0.2,
        "f1": 0.33333333333333337
      },
      "combined": {
        "TP": 10,
        "FP": 0,
        "TN": 50,
        "FN": 40,
        "precision": 1.0,
        "recall": 0.2,
        "f1": 0.33333333333333337
      }
    },
    "book": {
      "t3": {
        "TP": 1,
        "FP": 0,
        "TN": 7,
        "FN": 6,
        "precision": 1.0,
        "recall": 0.14285714285714285,
        "f1": 0.25
      },
      "t4": {
        "TP": 2,
        "FP": 0,
        "TN": 7,
        "FN": 5,
        "precision": 1.0,
        "recall": 0.2857142857142857,
        "f1": 0.4444444444444445
      },
      "combined": {
        "TP": 2,
        "FP": 0,
        "TN": 7,
        "FN": 5,
        "precision": 1.0,
        "recall": 0.2857142857142857,
        "f1": 0.4444444444444445
      }
    },
    "chemical": {
      "t3": {
        "TP": 2,
        "FP": 0,
        "TN": 8,
        "FN": 6,
        "precision": 1.0,
        "recall": 0.25,
        "f1": 0.4
      },
      "t4": {
        "TP": 5,
        "FP": 0,
        "TN": 8,
        "FN": 3,
        "precision": 1.0,
        "recall": 0.625,
        "f1": 0.7692307692307693
      },
      "combined": {
        "TP": 5,
        "FP": 0,
        "TN": 8,
        "FN": 3,
        "precision": 1.0,
        "recall": 0.625,
        "f1": 0.7692307692307693
      }
    },
    "work_of_art": {
      "t3": {
        "TP": 0,
        "FP": 0,
        "TN": 36,
        "FN": 36,
        "precision": 0.0,
        "recall": 0.0,
        "f1": 0.0
      },
      "t4": {
        "TP": 15,
        "FP": 0,
        "TN": 36,
        "FN": 21,
        "precision": 1.0,
        "recall": 0.4166666666666667,
        "f1": 0.5882352941176471
      },
      "combined": {
        "TP": 15,
        "FP": 0,
        "TN": 36,
        "FN": 21,
        "precision": 1.0,
        "recall": 0.4166666666666667,
        "f1": 0.5882352941176471
      }
    },
    "business": {
      "t3": {
        "TP": 11,
        "FP": 0,
        "TN": 50,
        "FN": 39,
        "precision": 1.0,
        "recall": 0.22,
        "f1": 0.36065573770491804
      },
      "t4": {
        "TP": 17,
        "FP": 0,
        "TN": 50,
        "FN": 33,
        "precision": 1.0,
        "recall": 0.34,
        "f1": 0.5074626865671642
      },
      "combined": {
        "TP": 19,
        "FP": 0,
        "TN": 50,
        "FN": 31,
        "precision": 1.0,
        "recall": 0.38,
        "f1": 0.5507246376811594
      }
    }
  }
}