{
  "language_pair": "en_ja",
  "n_positives": 2761,
  "n_negatives": 2761,
  "per_bucket": {
    "person": {
      "t3": {
        "TP": 232,
        "FP": 121,
        "TN": 379,
        "FN": 268,
        "precision": 0.6572237960339944,
        "recall": 0.464,
        "f1": 0.5439624853458384
      },
      "t4": {
        "TP": 67,
        "FP": 18,
        "TN": 482,
        "FN": 433,
        "precision": 0.788235294117647,
        "recall": 0.134,
        "f1": 0.22905982905982908
      },
      "combined": {
        "TP": 271,
        "FP": 138,
        "TN": 362,
        "FN": 229,
        "precision": 0.6625916870415648,
        "recall": 0.542,
        "f1": 0.5962596259625964
      }
    },
    "organization": {
      "t3": {
        "TP": 100,
        "FP": 7,
        "TN": 493,
        "FN": 400,
        "precision": 0.9345794392523364,
        "recall": 0.2,
        "f1": 0.3294892915980231
      },
      "t4": {
        "TP": 219,
        "FP": 19,
        "TN": 481,
        "FN": 281,
        "precision": 0.9201680672268907,
        "recall": 0.438,
        "f1": 0.5934959349593496
      },
      "combined": {
        "TP": 265,
        "FP": 24,
        "TN": 476,
        "FN": 235,
        "precision": 0.916955017301038,
        "recall": 0.53,
        "f1": 0.6717363751584284
      }
    },
    "city": {
      "t3": {
        "TP": 277,
        "FP": 33,
        "TN": 467,
        "FN": 223,
        "precision": 0.8935483870967742,
        "recall": 0.554,
        "f1": 0.6839506172839507
      },
      "t4": {
        "TP": 138,
        "FP": 57,
        "TN": 443,
        "FN": 362,
        "precision": 0.7076923076923077,
        "recall": 0.276,
        "f1": 0.39712230215827343
      },
      "combined": {
        "TP": 321,
        "FP": 85,
        "TN": 415,
        "FN": 179,
        "precision": 0.7906403940886699,
        "recall": 0.642,
        "f1": 0.7086092715231789
      }
    },
    "country": {
      "t3": {
        "TP": 110,
        "FP": 18,
        "TN": 192,
        "FN": 100,
        "precision": 0.859375,
        "recall": 0.5238095238095238,
        "f1": 0.6508875739644971
      },
      "t4": {
        "TP": 146,
        "FP": 27,
        "TN": 183,
        "FN": 64,
        "precision": 0.8439306358381503,
        "recall": 0.6952380952380952,
        "f1": 0.762402088772846
      },
      "combined": {
        "TP": 178,
        "FP": 39,
        "TN": 171,
        "FN": 32,
        "precision": 0.8202764976958525,
        "recall": 0.8476190476190476,
        "f1": 0.8337236533957846
      }
    },
    "film": {
      "t3": {
        "TP": 49,
        "FP": 4,
        "TN": 496,
        "FN": 451,
        "precision": 0.9245283018867925,
        "recall": 0.098,
        "f1": 0.17721518987341772
      },
      "t4": {
        "TP": 110,
        "FP": 3,
        "TN": 497,
        "FN": 390,
        "precision": 0.9734513274336283,
        "recall": 0.22,
        "f1": 0.35889070146818924
      },
      "combined": {
        "TP": 142,
        "FP": 7,
        "TN": 493,
        "FN": 358,
        "precision": 0.9530201342281879,
        "recall": 0.284,
        "f1": 0.43759630200308164
      }
    },
    "book": {
      "t3": {
        "TP": 3,
        "FP": 0,
        "TN": 7,
        "FN": 4,
        "precision": 1.0,
        "recall": 0.42857142857142855,
        "f1": 0.6
      },
      "t4": {
        "TP": 2,
        "FP": 0,
        "TN": 7,
        "FN": 5,
        "precision": 1.0,
        "recall": 0.2857142857142857,
        "f1": 0.4444444444444445
      },
      "combined": {
        "TP": 3,
        "FP": 0,
        "TN": 7,
        "FN": 4,
        "precision": 1.0,
        "recall": 0.42857142857142855,
        "f1": 0.6
      }
    },
    "chemical": {
      "t3": {
        "TP": 4,
        "FP": 0,
        "TN": 8,
        "FN": 4,
        "precision": 1.0,
        "recall": 0.5,
        "f1": 0.6666666666666666
      },
      "t4": {
        "TP": 5,
        "FP": 0,
        "TN": 8,
        "FN": 3,
        "precision": 1.0,
        "recall": 0.625,
        "f1": 0.7692307692307693
      },
      "combined": {
        "TP": 6,
        "FP": 0,
        "TN": 8,
        "FN": 2,
        "precision": 1.0,
        "recall": 0.75,
        "f1": 0.8571428571428571
      }
    },
    "work_of_art": {
      "t3": {
        "TP": 6,
        "FP": 0,
        "TN": 36,
        "FN": 30,
        "precision": 1.0,
        "recall": 0.16666666666666666,
        "f1": 0.2857142857142857
      },
      "t4": {
        "TP": 15,
        "FP": 0,
        "TN": 36,
        "FN": 21,
        "precision": 1.0,
        "recall": 0.4166666666666667,
        "f1": 0.5882352941176471
      },
      "combined": {
        "TP": 19,
        "FP": 0,
        "TN": 36,
        "FN": 17,
        "precision": 1.0,
        "recall": 0.5277777777777778,
        "f1": 0.6909090909090909
      }
    },
    "business": {
      "t3": {
        "TP": 187,
        "FP": 16,
        "TN": 484,
        "FN": 313,
        "precision": 0.9211822660098522,
        "recall": 0.374,
        "f1": 0.5320056899004267
      },
      "t4": {
        "TP": 149,
        "FP": 13,
        "TN": 487,
        "FN": 351,
        "precision": 0.9197530864197531,
        "recall": 0.298,
        "f1": 0.45015105740181266
      },
      "combined": {
        "TP": 253,
        "FP": 28,
        "TN": 472,
        "FN": 247,
        "precision": 0.900355871886121,
        "recall": 0.506,
        "f1": 0.6478873239436619
      }
    }
  }
}