{
  "language_pair": "en_ja",
  "n_positives": 351,
  "n_negatives": 351,
  "per_bucket": {
    "person": {
      "t3": {
        "TP": 22,
        "FP": 14,
        "TN": 36,
        "FN": 28,
        "precision": 0.6111111111111112,
        "recall": 0.44,
        "f1": 0.5116279069767442
      },
      "t4": {
        "TP": 4,
        "FP": 3,
        "TN": 47,
        "FN": 46,
        "precision": 0.5714285714285714,
        "recall": 0.08,
        "f1": 0.14035087719298248
      },
      "combined": {
        "TP": 26,
        "FP": 17,
        "TN": 33,
        "FN": 24,
        "precision": 0.6046511627906976,
        "recall": 0.52,
        "f1": 0.5591397849462365
      }
    },
    "organization": {
      "t3": {
        "TP": 14,
        "FP": 1,
        "TN": 49,
        "FN": 36,
        "precision": 0.9333333333333333,
        "recall": 0.28,
        "f1": 0.4307692307692308
      },
      "t4": {
        "TP": 16,
        "FP": 1,
        "TN": 49,
        "FN": 34,
        "precision": 0.9411764705882353,
        "recall": 0.32,
        "f1": 0.4776119402985075
      },
      "combined": {
        "TP": 23,
        "FP": 2,
        "TN": 48,
        "FN": 27,
        "precision": 0.92,
        "recall": 0.46,
        "f1": 0.6133333333333333
      }
    },
    "city": {
      "t3": {
        "TP": 23,
        "FP": 1,
        "TN": 49,
        "FN": 27,
        "precision": 0.9583333333333334,
        "recall": 0.46,
        "f1": 0.6216216216216216
      },
      "t4": {
        "TP": 14,
        "FP": 4,
        "TN": 46,
        "FN": 36,
        "precision": 0.7777777777777778,
        "recall": 0.28,
        "f1": 0.4117647058823529
      },
      "combined": {
        "TP": 30,
        "FP": 5,
        "TN": 45,
        "FN": 20,
        "precision": 0.8571428571428571,
        "recall": 0.6,
        "f1": 0.7058823529411764
      }
    },
    "country": {
      "t3": {
        "TP": 22,
        "FP": 4,
        "TN": 46,
        "FN": 28,
        "precision": 0.8461538461538461,
        "recall": 0.44,
        "f1": 0.5789473684210525
      },
      "t4": {
        "TP": 37,
        "FP": 3,
        "TN": 47,
        "FN": 13,
        "precision": 0.925,
        "recall": 0.74,
        "f1": 0.8222222222222222
      },
      "combined": {
        "TP": 42,
        "FP": 5,
        "TN": 45,
        "FN": 8,
        "precision": 0.8936170212765957,
        "recall": 0.84,
        "f1": 0.8659793814432989
      }
    },
    "film": {
      "t3": {
        "TP": 5,
        "FP": 0,
        "TN": 50,
        "FN": 45,
        "precision": 1.0,
        "recall": 0.1,
        "f1": 0.18181818181818182
      },
      "t4": {
        "TP": 10,
        "FP": 0,
        "TN": 50,
        "FN": 40,
        "precision": 1.0,
        "recall": 0.2,
        "f1": 0.33333333333333337
      },
      "combined": {
        "TP": 14,
        "FP": 0,
        "TN": 50,
        "FN": 36,
        "precision": 1.0,
        "recall": 0.28,
        "f1": 0.43750000000000006
      }
    },
    "book": {
      "t3": {
        "TP": 3,
        "FP": 0,
        "TN": 7,
        "FN": 4,
        "precision": 1.0,
        "recall": 0.42857142857142855,
        "f1": 0.6
      },
      "t4": {
        "TP": 2,
        "FP": 0,
        "TN": 7,
        "FN": 5,
        "precision": 1.0,
        "recall": 0.2857142857142857,
        "f1": 0.4444444444444445
      },
      "combined": {
        "TP": 3,
        "FP": 0,
        "TN": 7,
        "FN": 4,
        "precision": 1.0,
        "recall": 0.42857142857142855,
        "f1": 0.6
      }
    },
    "chemical": {
      "t3": {
        "TP": 4,
        "FP": 0,
        "TN": 8,
        "FN": 4,
        "precision": 1.0,
        "recall": 0.5,
        "f1": 0.6666666666666666
      },
      "t4": {
        "TP": 5,
        "FP": 0,
        "TN": 8,
        "FN": 3,
        "precision": 1.0,
        "recall": 0.625,
        "f1": 0.7692307692307693
      },
      "combined": {
        "TP": 6,
        "FP": 0,
        "TN": 8,
        "FN": 2,
        "precision": 1.0,
        "recall": 0.75,
        "f1": 0.8571428571428571
      }
    },
    "work_of_art": {
      "t3": {
        "TP": 6,
        "FP": 0,
        "TN": 36,
        "FN": 30,
        "precision": 1.0,
        "recall": 0.16666666666666666,
        "f1": 0.2857142857142857
      },
      "t4": {
        "TP": 15,
        "FP": 0,
        "TN": 36,
        "FN": 21,
        "precision": 1.0,
        "recall": 0.4166666666666667,
        "f1": 0.5882352941176471
      },
      "combined": {
        "TP": 19,
        "FP": 0,
        "TN": 36,
        "FN": 17,
        "precision": 1.0,
        "recall": 0.5277777777777778,
        "f1": 0.6909090909090909
      }
    },
    "business": {
      "t3": {
        "TP": 25,
        "FP": 0,
        "TN": 50,
        "FN": 25,
        "precision": 1.0,
        "recall": 0.5,
        "f1": 0.6666666666666666
      },
      "t4": {
        "TP": 17,
        "FP": 0,
        "TN": 50,
        "FN": 33,
        "precision": 1.0,
        "recall": 0.34,
        "f1": 0.5074626865671642
      },
      "combined": {
        "TP": 30,
        "FP": 0,
        "TN": 50,
        "FN": 20,
        "precision": 1.0,
        "recall": 0.6,
        "f1": 0.7499999999999999
      }
    }
  }
}