{
  "language_pair": "en_ar",
  "n_positives": 390,
  "n_negatives": 389,
  "per_bucket": {
    "person": {
      "t3": {
        "TP": 13,
        "FP": 0,
        "TN": 50,
        "FN": 37,
        "precision": 1.0,
        "recall": 0.26,
        "f1": 0.41269841269841273
      },
      "t4": {
        "TP": 16,
        "FP": 5,
        "TN": 45,
        "FN": 34,
        "precision": 0.7619047619047619,
        "recall": 0.32,
        "f1": 0.4507042253521127
      },
      "combined": {
        "TP": 22,
        "FP": 5,
        "TN": 45,
        "FN": 28,
        "precision": 0.8148148148148148,
        "recall": 0.44,
        "f1": 0.5714285714285714
      }
    },
    "organization": {
      "t3": {
        "TP": 4,
        "FP": 0,
        "TN": 50,
        "FN": 46,
        "precision": 1.0,
        "recall": 0.08,
        "f1": 0.14814814814814814
      },
      "t4": {
        "TP": 20,
        "FP": 0,
        "TN": 50,
        "FN": 30,
        "precision": 1.0,
        "recall": 0.4,
        "f1": 0.5714285714285715
      },
      "combined": {
        "TP": 24,
        "FP": 0,
        "TN": 50,
        "FN": 26,
        "precision": 1.0,
        "recall": 0.48,
        "f1": 0.6486486486486487
      }
    },
    "city": {
      "t3": {
        "TP": 15,
        "FP": 0,
        "TN": 50,
        "FN": 35,
        "precision": 1.0,
        "recall": 0.3,
        "f1": 0.4615384615384615
      },
      "t4": {
        "TP": 21,
        "FP": 7,
        "TN": 43,
        "FN": 29,
        "precision": 0.75,
        "recall": 0.42,
        "f1": 0.5384615384615385
      },
      "combined": {
        "TP": 30,
        "FP": 7,
        "TN": 43,
        "FN": 20,
        "precision": 0.8108108108108109,
        "recall": 0.6,
        "f1": 0.6896551724137931
      }
    },
    "country": {
      "t3": {
        "TP": 10,
        "FP": 0,
        "TN": 50,
        "FN": 40,
        "precision": 1.0,
        "recall": 0.2,
        "f1": 0.33333333333333337
      },
      "t4": {
        "TP": 40,
        "FP": 4,
        "TN": 46,
        "FN": 10,
        "precision": 0.9090909090909091,
        "recall": 0.8,
        "f1": 0.8510638297872342
      },
      "combined": {
        "TP": 42,
        "FP": 4,
        "TN": 46,
        "FN": 8,
        "precision": 0.9130434782608695,
        "recall": 0.84,
        "f1": 0.8749999999999999
      }
    },
    "film": {
      "t3": {
        "TP": 6,
        "FP": 0,
        "TN": 50,
        "FN": 44,
        "precision": 1.0,
        "recall": 0.12,
        "f1": 0.21428571428571425
      },
      "t4": {
        "TP": 18,
        "FP": 1,
        "TN": 49,
        "FN": 32,
        "precision": 0.9473684210526315,
        "recall": 0.36,
        "f1": 0.5217391304347826
      },
      "combined": {
        "TP": 23,
        "FP": 1,
        "TN": 49,
        "FN": 27,
        "precision": 0.9583333333333334,
        "recall": 0.46,
        "f1": 0.6216216216216216
      }
    },
    "book": {
      "t3": {
        "TP": 4,
        "FP": 0,
        "TN": 50,
        "FN": 46,
        "precision": 1.0,
        "recall": 0.08,
        "f1": 0.14814814814814814
      },
      "t4": {
        "TP": 30,
        "FP": 0,
        "TN": 50,
        "FN": 20,
        "precision": 1.0,
        "recall": 0.6,
        "f1": 0.7499999999999999
      },
      "combined": {
        "TP": 33,
        "FP": 0,
        "TN": 50,
        "FN": 17,
        "precision": 1.0,
        "recall": 0.66,
        "f1": 0.7951807228915663
      }
    },
    "chemical": {
      "t3": {
        "TP": 0,
        "FP": 0,
        "TN": 0,
        "FN": 1,
        "precision": 0.0,
        "recall": 0.0,
        "f1": 0.0
      },
      "t4": {
        "TP": 0,
        "FP": 0,
        "TN": 0,
        "FN": 1,
        "precision": 0.0,
        "recall": 0.0,
        "f1": 0.0
      },
      "combined": {
        "TP": 0,
        "FP": 0,
        "TN": 0,
        "FN": 1,
        "precision": 0.0,
        "recall": 0.0,
        "f1": 0.0
      }
    },
    "work_of_art": {
      "t3": {
        "TP": 1,
        "FP": 0,
        "TN": 39,
        "FN": 38,
        "precision": 1.0,
        "recall": 0.02564102564102564,
        "f1": 0.05
      },
      "t4": {
        "TP": 22,
        "FP": 5,
        "TN": 34,
        "FN": 17,
        "precision": 0.8148148148148148,
        "recall": 0.5641025641025641,
        "f1": 0.6666666666666667
      },
      "combined": {
        "TP": 23,
        "FP": 5,
        "TN": 34,
        "FN": 16,
        "precision": 0.8214285714285714,
        "recall": 0.5897435897435898,
        "f1": 0.6865671641791046
      }
    },
    "business": {
      "t3": {
        "TP": 7,
        "FP": 0,
        "TN": 50,
        "FN": 43,
        "precision": 1.0,
        "recall": 0.14,
        "f1": 0.24561403508771928
      },
      "t4": {
        "TP": 14,
        "FP": 2,
        "TN": 48,
        "FN": 36,
        "precision": 0.875,
        "recall": 0.28,
        "f1": 0.42424242424242425
      },
      "combined": {
        "TP": 21,
        "FP": 2,
        "TN": 48,
        "FN": 29,
        "precision": 0.9130434782608695,
        "recall": 0.42,
        "f1": 0.5753424657534246
      }
    }
  }
}