{
  "language_pair": "en_ar",
  "n_positives": 2839,
  "n_negatives": 2838,
  "per_bucket": {
    "person": {
      "t3": {
        "TP": 199,
        "FP": 23,
        "TN": 477,
        "FN": 301,
        "precision": 0.8963963963963963,
        "recall": 0.398,
        "f1": 0.5512465373961218
      },
      "t4": {
        "TP": 152,
        "FP": 49,
        "TN": 451,
        "FN": 348,
        "precision": 0.7562189054726368,
        "recall": 0.304,
        "f1": 0.43366619115549215
      },
      "combined": {
        "TP": 287,
        "FP": 65,
        "TN": 435,
        "FN": 213,
        "precision": 0.8153409090909091,
        "recall": 0.574,
        "f1": 0.6737089201877934
      }
    },
    "organization": {
      "t3": {
        "TP": 30,
        "FP": 0,
        "TN": 500,
        "FN": 470,
        "precision": 1.0,
        "recall": 0.06,
        "f1": 0.11320754716981131
      },
      "t4": {
        "TP": 226,
        "FP": 26,
        "TN": 474,
        "FN": 274,
        "precision": 0.8968253968253969,
        "recall": 0.452,
        "f1": 0.601063829787234
      },
      "combined": {
        "TP": 248,
        "FP": 26,
        "TN": 474,
        "FN": 252,
        "precision": 0.9051094890510949,
        "recall": 0.496,
        "f1": 0.640826873385013
      }
    },
    "city": {
      "t3": {
        "TP": 161,
        "FP": 17,
        "TN": 483,
        "FN": 339,
        "precision": 0.9044943820224719,
        "recall": 0.322,
        "f1": 0.47492625368731567
      },
      "t4": {
        "TP": 133,
        "FP": 51,
        "TN": 449,
        "FN": 367,
        "precision": 0.7228260869565217,
        "recall": 0.266,
        "f1": 0.3888888888888889
      },
      "combined": {
        "TP": 249,
        "FP": 65,
        "TN": 435,
        "FN": 251,
        "precision": 0.7929936305732485,
        "recall": 0.498,
        "f1": 0.6117936117936117
      }
    },
    "country": {
      "t3": {
        "TP": 54,
        "FP": 5,
        "TN": 207,
        "FN": 158,
        "precision": 0.9152542372881356,
        "recall": 0.25471698113207547,
        "f1": 0.3985239852398524
      },
      "t4": {
        "TP": 172,
        "FP": 22,
        "TN": 190,
        "FN": 40,
        "precision": 0.8865979381443299,
        "recall": 0.8113207547169812,
        "f1": 0.8472906403940886
      },
      "combined": {
        "TP": 182,
        "FP": 26,
        "TN": 186,
        "FN": 30,
        "precision": 0.875,
        "recall": 0.8584905660377359,
        "f1": 0.8666666666666667
      }
    },
    "film": {
      "t3": {
        "TP": 46,
        "FP": 3,
        "TN": 497,
        "FN": 454,
        "precision": 0.9387755102040817,
        "recall": 0.092,
        "f1": 0.16757741347905283
      },
      "t4": {
        "TP": 269,
        "FP": 17,
        "TN": 483,
        "FN": 231,
        "precision": 0.9405594405594405,
        "recall": 0.538,
        "f1": 0.6844783715012721
      },
      "combined": {
        "TP": 300,
        "FP": 19,
        "TN": 481,
        "FN": 200,
        "precision": 0.9404388714733543,
        "recall": 0.6,
        "f1": 0.7326007326007324
      }
    },
    "book": {
      "t3": {
        "TP": 6,
        "FP": 0,
        "TN": 87,
        "FN": 81,
        "precision": 1.0,
        "recall": 0.06896551724137931,
        "f1": 0.12903225806451613
      },
      "t4": {
        "TP": 59,
        "FP": 2,
        "TN": 85,
        "FN": 28,
        "precision": 0.9672131147540983,
        "recall": 0.6781609195402298,
        "f1": 0.7972972972972973
      },
      "combined": {
        "TP": 63,
        "FP": 2,
        "TN": 85,
        "FN": 24,
        "precision": 0.9692307692307692,
        "recall": 0.7241379310344828,
        "f1": 0.8289473684210527
      }
    },
    "chemical": {
      "t3": {
        "TP": 0,
        "FP": 0,
        "TN": 0,
        "FN": 1,
        "precision": 0.0,
        "recall": 0.0,
        "f1": 0.0
      },
      "t4": {
        "TP": 0,
        "FP": 0,
        "TN": 0,
        "FN": 1,
        "precision": 0.0,
        "recall": 0.0,
        "f1": 0.0
      },
      "combined": {
        "TP": 0,
        "FP": 0,
        "TN": 0,
        "FN": 1,
        "precision": 0.0,
        "recall": 0.0,
        "f1": 0.0
      }
    },
    "work_of_art": {
      "t3": {
        "TP": 1,
        "FP": 0,
        "TN": 39,
        "FN": 38,
        "precision": 1.0,
        "recall": 0.02564102564102564,
        "f1": 0.05
      },
      "t4": {
        "TP": 22,
        "FP": 5,
        "TN": 34,
        "FN": 17,
        "precision": 0.8148148148148148,
        "recall": 0.5641025641025641,
        "f1": 0.6666666666666667
      },
      "combined": {
        "TP": 23,
        "FP": 5,
        "TN": 34,
        "FN": 16,
        "precision": 0.8214285714285714,
        "recall": 0.5897435897435898,
        "f1": 0.6865671641791046
      }
    },
    "business": {
      "t3": {
        "TP": 82,
        "FP": 2,
        "TN": 498,
        "FN": 418,
        "precision": 0.9761904761904762,
        "recall": 0.164,
        "f1": 0.2808219178082192
      },
      "t4": {
        "TP": 121,
        "FP": 22,
        "TN": 478,
        "FN": 379,
        "precision": 0.8461538461538461,
        "recall": 0.242,
        "f1": 0.3763608087091757
      },
      "combined": {
        "TP": 184,
        "FP": 24,
        "TN": 476,
        "FN": 316,
        "precision": 0.8846153846153846,
        "recall": 0.368,
        "f1": 0.519774011299435
      }
    }
  }
}