{
  "language_pair": "en_ko",
  "n_positives": 2750,
  "n_negatives": 2749,
  "per_bucket": {
    "person": {
      "t3": {
        "TP": 172,
        "FP": 15,
        "TN": 485,
        "FN": 328,
        "precision": 0.9197860962566845,
        "recall": 0.344,
        "f1": 0.5007278020378457
      },
      "t4": {
        "TP": 48,
        "FP": 17,
        "TN": 483,
        "FN": 452,
        "precision": 0.7384615384615385,
        "recall": 0.096,
        "f1": 0.1699115044247788
      },
      "combined": {
        "TP": 197,
        "FP": 32,
        "TN": 468,
        "FN": 303,
        "precision": 0.8602620087336245,
        "recall": 0.394,
        "f1": 0.5404663923182442
      }
    },
    "organization": {
      "t3": {
        "TP": 85,
        "FP": 7,
        "TN": 493,
        "FN": 415,
        "precision": 0.9239130434782609,
        "recall": 0.17,
        "f1": 0.28716216216216217
      },
      "t4": {
        "TP": 181,
        "FP": 18,
        "TN": 482,
        "FN": 319,
        "precision": 0.9095477386934674,
        "recall": 0.362,
        "f1": 0.5178826895565093
      },
      "combined": {
        "TP": 230,
        "FP": 24,
        "TN": 476,
        "FN": 270,
        "precision": 0.905511811023622,
        "recall": 0.46,
        "f1": 0.610079575596817
      }
    },
    "city": {
      "t3": {
        "TP": 270,
        "FP": 49,
        "TN": 451,
        "FN": 230,
        "precision": 0.8463949843260188,
        "recall": 0.54,
        "f1": 0.6593406593406593
      },
      "t4": {
        "TP": 127,
        "FP": 67,
        "TN": 433,
        "FN": 373,
        "precision": 0.654639175257732,
        "recall": 0.254,
        "f1": 0.3659942363112392
      },
      "combined": {
        "TP": 318,
        "FP": 109,
        "TN": 391,
        "FN": 182,
        "precision": 0.7447306791569087,
        "recall": 0.636,
        "f1": 0.686084142394822
      }
    },
    "country": {
      "t3": {
        "TP": 129,
        "FP": 26,
        "TN": 186,
        "FN": 83,
        "precision": 0.832258064516129,
        "recall": 0.6084905660377359,
        "f1": 0.7029972752043598
      },
      "t4": {
        "TP": 137,
        "FP": 17,
        "TN": 195,
        "FN": 75,
        "precision": 0.8896103896103896,
        "recall": 0.6462264150943396,
        "f1": 0.7486338797814208
      },
      "combined": {
        "TP": 184,
        "FP": 41,
        "TN": 171,
        "FN": 28,
        "precision": 0.8177777777777778,
        "recall": 0.8679245283018868,
        "f1": 0.8421052631578947
      }
    },
    "film": {
      "t3": {
        "TP": 67,
        "FP": 7,
        "TN": 493,
        "FN": 433,
        "precision": 0.9054054054054054,
        "recall": 0.134,
        "f1": 0.2334494773519164
      },
      "t4": {
        "TP": 89,
        "FP": 10,
        "TN": 490,
        "FN": 411,
        "precision": 0.898989898989899,
        "recall": 0.178,
        "f1": 0.29716193656093487
      },
      "combined": {
        "TP": 138,
        "FP": 16,
        "TN": 484,
        "FN": 362,
        "precision": 0.8961038961038961,
        "recall": 0.276,
        "f1": 0.42201834862385323
      }
    },
    "book": {
      "t3": {
        "TP": 5,
        "FP": 0,
        "TN": 13,
        "FN": 8,
        "precision": 1.0,
        "recall": 0.38461538461538464,
        "f1": 0.5555555555555556
      },
      "t4": {
        "TP": 8,
        "FP": 0,
        "TN": 13,
        "FN": 5,
        "precision": 1.0,
        "recall": 0.6153846153846154,
        "f1": 0.761904761904762
      },
      "combined": {
        "TP": 9,
        "FP": 0,
        "TN": 13,
        "FN": 4,
        "precision": 1.0,
        "recall": 0.6923076923076923,
        "f1": 0.8181818181818181
      }
    },
    "chemical": {
      "t3": {
        "TP": 0,
        "FP": 0,
        "TN": 0,
        "FN": 1,
        "precision": 0.0,
        "recall": 0.0,
        "f1": 0.0
      },
      "t4": {
        "TP": 1,
        "FP": 0,
        "TN": 0,
        "FN": 0,
        "precision": 1.0,
        "recall": 1.0,
        "f1": 1.0
      },
      "combined": {
        "TP": 1,
        "FP": 0,
        "TN": 0,
        "FN": 0,
        "precision": 1.0,
        "recall": 1.0,
        "f1": 1.0
      }
    },
    "work_of_art": {
      "t3": {
        "TP": 5,
        "FP": 0,
        "TN": 24,
        "FN": 19,
        "precision": 1.0,
        "recall": 0.20833333333333334,
        "f1": 0.3448275862068966
      },
      "t4": {
        "TP": 9,
        "FP": 0,
        "TN": 24,
        "FN": 15,
        "precision": 1.0,
        "recall": 0.375,
        "f1": 0.5454545454545454
      },
      "combined": {
        "TP": 12,
        "FP": 0,
        "TN": 24,
        "FN": 12,
        "precision": 1.0,
        "recall": 0.5,
        "f1": 0.6666666666666666
      }
    },
    "business": {
      "t3": {
        "TP": 183,
        "FP": 20,
        "TN": 480,
        "FN": 317,
        "precision": 0.9014778325123153,
        "recall": 0.366,
        "f1": 0.5206258890469416
      },
      "t4": {
        "TP": 119,
        "FP": 23,
        "TN": 477,
        "FN": 381,
        "precision": 0.8380281690140845,
        "recall": 0.238,
        "f1": 0.3707165109034268
      },
      "combined": {
        "TP": 228,
        "FP": 39,
        "TN": 461,
        "FN": 272,
        "precision": 0.8539325842696629,
        "recall": 0.456,
        "f1": 0.5945241199478488
      }
    }
  }
}