{
  "language_pair": "en_ko",
  "n_positives": 338,
  "n_negatives": 337,
  "per_bucket": {
    "person": {
      "t3": {
        "TP": 14,
        "FP": 0,
        "TN": 50,
        "FN": 36,
        "precision": 1.0,
        "recall": 0.28,
        "f1": 0.43750000000000006
      },
      "t4": {
        "TP": 4,
        "FP": 0,
        "TN": 50,
        "FN": 46,
        "precision": 1.0,
        "recall": 0.08,
        "f1": 0.14814814814814814
      },
      "combined": {
        "TP": 16,
        "FP": 0,
        "TN": 50,
        "FN": 34,
        "precision": 1.0,
        "recall": 0.32,
        "f1": 0.48484848484848486
      }
    },
    "organization": {
      "t3": {
        "TP": 3,
        "FP": 0,
        "TN": 50,
        "FN": 47,
        "precision": 1.0,
        "recall": 0.06,
        "f1": 0.11320754716981131
      },
      "t4": {
        "TP": 16,
        "FP": 1,
        "TN": 49,
        "FN": 34,
        "precision": 0.9411764705882353,
        "recall": 0.32,
        "f1": 0.4776119402985075
      },
      "combined": {
        "TP": 17,
        "FP": 1,
        "TN": 49,
        "FN": 33,
        "precision": 0.9444444444444444,
        "recall": 0.34,
        "f1": 0.5
      }
    },
    "city": {
      "t3": {
        "TP": 9,
        "FP": 0,
        "TN": 50,
        "FN": 41,
        "precision": 1.0,
        "recall": 0.18,
        "f1": 0.3050847457627119
      },
      "t4": {
        "TP": 15,
        "FP": 4,
        "TN": 46,
        "FN": 35,
        "precision": 0.7894736842105263,
        "recall": 0.3,
        "f1": 0.4347826086956521
      },
      "combined": {
        "TP": 23,
        "FP": 4,
        "TN": 46,
        "FN": 27,
        "precision": 0.8518518518518519,
        "recall": 0.46,
        "f1": 0.5974025974025975
      }
    },
    "country": {
      "t3": {
        "TP": 13,
        "FP": 0,
        "TN": 50,
        "FN": 37,
        "precision": 1.0,
        "recall": 0.26,
        "f1": 0.41269841269841273
      },
      "t4": {
        "TP": 31,
        "FP": 4,
        "TN": 46,
        "FN": 19,
        "precision": 0.8857142857142857,
        "recall": 0.62,
        "f1": 0.7294117647058823
      },
      "combined": {
        "TP": 36,
        "FP": 4,
        "TN": 46,
        "FN": 14,
        "precision": 0.9,
        "recall": 0.72,
        "f1": 0.7999999999999999
      }
    },
    "film": {
      "t3": {
        "TP": 3,
        "FP": 0,
        "TN": 50,
        "FN": 47,
        "precision": 1.0,
        "recall": 0.06,
        "f1": 0.11320754716981131
      },
      "t4": {
        "TP": 9,
        "FP": 0,
        "TN": 50,
        "FN": 41,
        "precision": 1.0,
        "recall": 0.18,
        "f1": 0.3050847457627119
      },
      "combined": {
        "TP": 12,
        "FP": 0,
        "TN": 50,
        "FN": 38,
        "precision": 1.0,
        "recall": 0.24,
        "f1": 0.3870967741935484
      }
    },
    "book": {
      "t3": {
        "TP": 3,
        "FP": 0,
        "TN": 13,
        "FN": 10,
        "precision": 1.0,
        "recall": 0.23076923076923078,
        "f1": 0.375
      },
      "t4": {
        "TP": 8,
        "FP": 0,
        "TN": 13,
        "FN": 5,
        "precision": 1.0,
        "recall": 0.6153846153846154,
        "f1": 0.761904761904762
      },
      "combined": {
        "TP": 8,
        "FP": 0,
        "TN": 13,
        "FN": 5,
        "precision": 1.0,
        "recall": 0.6153846153846154,
        "f1": 0.761904761904762
      }
    },
    "chemical": {
      "t3": {
        "TP": 0,
        "FP": 0,
        "TN": 0,
        "FN": 1,
        "precision": 0.0,
        "recall": 0.0,
        "f1": 0.0
      },
      "t4": {
        "TP": 1,
        "FP": 0,
        "TN": 0,
        "FN": 0,
        "precision": 1.0,
        "recall": 1.0,
        "f1": 1.0
      },
      "combined": {
        "TP": 1,
        "FP": 0,
        "TN": 0,
        "FN": 0,
        "precision": 1.0,
        "recall": 1.0,
        "f1": 1.0
      }
    },
    "work_of_art": {
      "t3": {
        "TP": 3,
        "FP": 0,
        "TN": 24,
        "FN": 21,
        "precision": 1.0,
        "recall": 0.125,
        "f1": 0.2222222222222222
      },
      "t4": {
        "TP": 9,
        "FP": 0,
        "TN": 24,
        "FN": 15,
        "precision": 1.0,
        "recall": 0.375,
        "f1": 0.5454545454545454
      },
      "combined": {
        "TP": 11,
        "FP": 0,
        "TN": 24,
        "FN": 13,
        "precision": 1.0,
        "recall": 0.4583333333333333,
        "f1": 0.6285714285714286
      }
    },
    "business": {
      "t3": {
        "TP": 11,
        "FP": 0,
        "TN": 50,
        "FN": 39,
        "precision": 1.0,
        "recall": 0.22,
        "f1": 0.36065573770491804
      },
      "t4": {
        "TP": 14,
        "FP": 1,
        "TN": 49,
        "FN": 36,
        "precision": 0.9333333333333333,
        "recall": 0.28,
        "f1": 0.4307692307692308
      },
      "combined": {
        "TP": 17,
        "FP": 1,
        "TN": 49,
        "FN": 33,
        "precision": 0.9444444444444444,
        "recall": 0.34,
        "f1": 0.5
      }
    }
  }
}