{
  "language_pair": "en_zh",
  "n_positives": 384,
  "n_negatives": 384,
  "per_bucket": {
    "person": {
      "t3": {
        "TP": 23,
        "FP": 4,
        "TN": 46,
        "FN": 27,
        "precision": 0.8518518518518519,
        "recall": 0.46,
        "f1": 0.5974025974025975
      },
      "t4": {
        "TP": 7,
        "FP": 1,
        "TN": 49,
        "FN": 43,
        "precision": 0.875,
        "recall": 0.14,
        "f1": 0.24137931034482757
      },
      "combined": {
        "TP": 28,
        "FP": 5,
        "TN": 45,
        "FN": 22,
        "precision": 0.8484848484848485,
        "recall": 0.56,
        "f1": 0.6746987951807228
      }
    },
    "organization": {
      "t3": {
        "TP": 4,
        "FP": 0,
        "TN": 50,
        "FN": 46,
        "precision": 1.0,
        "recall": 0.08,
        "f1": 0.14814814814814814
      },
      "t4": {
        "TP": 19,
        "FP": 0,
        "TN": 50,
        "FN": 31,
        "precision": 1.0,
        "recall": 0.38,
        "f1": 0.5507246376811594
      },
      "combined": {
        "TP": 19,
        "FP": 0,
        "TN": 50,
        "FN": 31,
        "precision": 1.0,
        "recall": 0.38,
        "f1": 0.5507246376811594
      }
    },
    "city": {
      "t3": {
        "TP": 8,
        "FP": 1,
        "TN": 49,
        "FN": 42,
        "precision": 0.8888888888888888,
        "recall": 0.16,
        "f1": 0.27118644067796616
      },
      "t4": {
        "TP": 14,
        "FP": 7,
        "TN": 43,
        "FN": 36,
        "precision": 0.6666666666666666,
        "recall": 0.28,
        "f1": 0.3943661971830986
      },
      "combined": {
        "TP": 18,
        "FP": 8,
        "TN": 42,
        "FN": 32,
        "precision": 0.6923076923076923,
        "recall": 0.36,
        "f1": 0.47368421052631576
      }
    },
    "country": {
      "t3": {
        "TP": 6,
        "FP": 0,
        "TN": 50,
        "FN": 44,
        "precision": 1.0,
        "recall": 0.12,
        "f1": 0.21428571428571425
      },
      "t4": {
        "TP": 36,
        "FP": 3,
        "TN": 47,
        "FN": 14,
        "precision": 0.9230769230769231,
        "recall": 0.72,
        "f1": 0.8089887640449438
      },
      "combined": {
        "TP": 37,
        "FP": 3,
        "TN": 47,
        "FN": 13,
        "precision": 0.925,
        "recall": 0.74,
        "f1": 0.8222222222222222
      }
    },
    "film": {
      "t3": {
        "TP": 0,
        "FP": 0,
        "TN": 50,
        "FN": 50,
        "precision": 0.0,
        "recall": 0.0,
        "f1": 0.0
      },
      "t4": {
        "TP": 11,
        "FP": 0,
        "TN": 50,
        "FN": 39,
        "precision": 1.0,
        "recall": 0.22,
        "f1": 0.36065573770491804
      },
      "combined": {
        "TP": 11,
        "FP": 0,
        "TN": 50,
        "FN": 39,
        "precision": 1.0,
        "recall": 0.22,
        "f1": 0.36065573770491804
      }
    },
    "book": {
      "t3": {
        "TP": 5,
        "FP": 3,
        "TN": 21,
        "FN": 19,
        "precision": 0.625,
        "recall": 0.20833333333333334,
        "f1": 0.3125
      },
      "t4": {
        "TP": 14,
        "FP": 3,
        "TN": 21,
        "FN": 10,
        "precision": 0.8235294117647058,
        "recall": 0.5833333333333334,
        "f1": 0.6829268292682927
      },
      "combined": {
        "TP": 14,
        "FP": 4,
        "TN": 20,
        "FN": 10,
        "precision": 0.7777777777777778,
        "recall": 0.5833333333333334,
        "f1": 0.6666666666666666
      }
    },
    "chemical": {
      "t3": {
        "TP": 1,
        "FP": 0,
        "TN": 13,
        "FN": 12,
        "precision": 1.0,
        "recall": 0.07692307692307693,
        "f1": 0.14285714285714288
      },
      "t4": {
        "TP": 1,
        "FP": 0,
        "TN": 13,
        "FN": 12,
        "precision": 1.0,
        "recall": 0.07692307692307693,
        "f1": 0.14285714285714288
      },
      "combined": {
        "TP": 1,
        "FP": 0,
        "TN": 13,
        "FN": 12,
        "precision": 1.0,
        "recall": 0.07692307692307693,
        "f1": 0.14285714285714288
      }
    },
    "work_of_art": {
      "t3": {
        "TP": 0,
        "FP": 0,
        "TN": 47,
        "FN": 47,
        "precision": 0.0,
        "recall": 0.0,
        "f1": 0.0
      },
      "t4": {
        "TP": 28,
        "FP": 0,
        "TN": 47,
        "FN": 19,
        "precision": 1.0,
        "recall": 0.5957446808510638,
        "f1": 0.7466666666666666
      },
      "combined": {
        "TP": 28,
        "FP": 0,
        "TN": 47,
        "FN": 19,
        "precision": 1.0,
        "recall": 0.5957446808510638,
        "f1": 0.7466666666666666
      }
    },
    "business": {
      "t3": {
        "TP": 9,
        "FP": 0,
        "TN": 50,
        "FN": 41,
        "precision": 1.0,
        "recall": 0.18,
        "f1": 0.3050847457627119
      },
      "t4": {
        "TP": 16,
        "FP": 0,
        "TN": 50,
        "FN": 34,
        "precision": 1.0,
        "recall": 0.32,
        "f1": 0.48484848484848486
      },
      "combined": {
        "TP": 18,
        "FP": 0,
        "TN": 50,
        "FN": 32,
        "precision": 1.0,
        "recall": 0.36,
        "f1": 0.5294117647058824
      }
    }
  }
}