{
  "language_pair": "en_zh",
  "n_positives": 2796,
  "n_negatives": 2796,
  "per_bucket": {
    "person": {
      "t3": {
        "TP": 125,
        "FP": 34,
        "TN": 466,
        "FN": 375,
        "precision": 0.7861635220125787,
        "recall": 0.25,
        "f1": 0.37936267071320184
      },
      "t4": {
        "TP": 74,
        "FP": 17,
        "TN": 483,
        "FN": 426,
        "precision": 0.8131868131868132,
        "recall": 0.148,
        "f1": 0.25042301184433163
      },
      "combined": {
        "TP": 185,
        "FP": 49,
        "TN": 451,
        "FN": 315,
        "precision": 0.7905982905982906,
        "recall": 0.37,
        "f1": 0.5040871934604904
      }
    },
    "organization": {
      "t3": {
        "TP": 38,
        "FP": 6,
        "TN": 494,
        "FN": 462,
        "precision": 0.8636363636363636,
        "recall": 0.076,
        "f1": 0.13970588235294118
      },
      "t4": {
        "TP": 240,
        "FP": 17,
        "TN": 483,
        "FN": 260,
        "precision": 0.933852140077821,
        "recall": 0.48,
        "f1": 0.6340819022457068
      },
      "combined": {
        "TP": 245,
        "FP": 21,
        "TN": 479,
        "FN": 255,
        "precision": 0.9210526315789473,
        "recall": 0.49,
        "f1": 0.639686684073107
      }
    },
    "city": {
      "t3": {
        "TP": 75,
        "FP": 7,
        "TN": 493,
        "FN": 425,
        "precision": 0.9146341463414634,
        "recall": 0.15,
        "f1": 0.2577319587628866
      },
      "t4": {
        "TP": 150,
        "FP": 75,
        "TN": 425,
        "FN": 350,
        "precision": 0.6666666666666666,
        "recall": 0.3,
        "f1": 0.41379310344827586
      },
      "combined": {
        "TP": 197,
        "FP": 81,
        "TN": 419,
        "FN": 303,
        "precision": 0.7086330935251799,
        "recall": 0.394,
        "f1": 0.506426735218509
      }
    },
    "country": {
      "t3": {
        "TP": 31,
        "FP": 3,
        "TN": 209,
        "FN": 181,
        "precision": 0.9117647058823529,
        "recall": 0.14622641509433962,
        "f1": 0.25203252032520324
      },
      "t4": {
        "TP": 158,
        "FP": 24,
        "TN": 188,
        "FN": 54,
        "precision": 0.8681318681318682,
        "recall": 0.7452830188679245,
        "f1": 0.8020304568527918
      },
      "combined": {
        "TP": 168,
        "FP": 25,
        "TN": 187,
        "FN": 44,
        "precision": 0.8704663212435233,
        "recall": 0.7924528301886793,
        "f1": 0.8296296296296296
      }
    },
    "film": {
      "t3": {
        "TP": 6,
        "FP": 2,
        "TN": 498,
        "FN": 494,
        "precision": 0.75,
        "recall": 0.012,
        "f1": 0.02362204724409449
      },
      "t4": {
        "TP": 134,
        "FP": 11,
        "TN": 489,
        "FN": 366,
        "precision": 0.9241379310344827,
        "recall": 0.268,
        "f1": 0.4155038759689923
      },
      "combined": {
        "TP": 134,
        "FP": 11,
        "TN": 489,
        "FN": 366,
        "precision": 0.9241379310344827,
        "recall": 0.268,
        "f1": 0.4155038759689923
      }
    },
    "book": {
      "t3": {
        "TP": 5,
        "FP": 3,
        "TN": 21,
        "FN": 19,
        "precision": 0.625,
        "recall": 0.20833333333333334,
        "f1": 0.3125
      },
      "t4": {
        "TP": 14,
        "FP": 3,
        "TN": 21,
        "FN": 10,
        "precision": 0.8235294117647058,
        "recall": 0.5833333333333334,
        "f1": 0.6829268292682927
      },
      "combined": {
        "TP": 14,
        "FP": 4,
        "TN": 20,
        "FN": 10,
        "precision": 0.7777777777777778,
        "recall": 0.5833333333333334,
        "f1": 0.6666666666666666
      }
    },
    "chemical": {
      "t3": {
        "TP": 1,
        "FP": 0,
        "TN": 13,
        "FN": 12,
        "precision": 1.0,
        "recall": 0.07692307692307693,
        "f1": 0.14285714285714288
      },
      "t4": {
        "TP": 1,
        "FP": 0,
        "TN": 13,
        "FN": 12,
        "precision": 1.0,
        "recall": 0.07692307692307693,
        "f1": 0.14285714285714288
      },
      "combined": {
        "TP": 1,
        "FP": 0,
        "TN": 13,
        "FN": 12,
        "precision": 1.0,
        "recall": 0.07692307692307693,
        "f1": 0.14285714285714288
      }
    },
    "work_of_art": {
      "t3": {
        "TP": 0,
        "FP": 0,
        "TN": 47,
        "FN": 47,
        "precision": 0.0,
        "recall": 0.0,
        "f1": 0.0
      },
      "t4": {
        "TP": 28,
        "FP": 0,
        "TN": 47,
        "FN": 19,
        "precision": 1.0,
        "recall": 0.5957446808510638,
        "f1": 0.7466666666666666
      },
      "combined": {
        "TP": 28,
        "FP": 0,
        "TN": 47,
        "FN": 19,
        "precision": 1.0,
        "recall": 0.5957446808510638,
        "f1": 0.7466666666666666
      }
    },
    "business": {
      "t3": {
        "TP": 76,
        "FP": 4,
        "TN": 496,
        "FN": 424,
        "precision": 0.95,
        "recall": 0.152,
        "f1": 0.2620689655172414
      },
      "t4": {
        "TP": 166,
        "FP": 11,
        "TN": 489,
        "FN": 334,
        "precision": 0.9378531073446328,
        "recall": 0.332,
        "f1": 0.4903988183161005
      },
      "combined": {
        "TP": 184,
        "FP": 15,
        "TN": 485,
        "FN": 316,
        "precision": 0.9246231155778895,
        "recall": 0.368,
        "f1": 0.5264663805436338
      }
    }
  }
}