{
  "language_pair": "en_de",
  "n_positives": 2807,
  "n_negatives": 2807,
  "per_bucket": {
    "person": {
      "t3": {
        "TP": 469,
        "FP": 247,
        "TN": 253,
        "FN": 31,
        "precision": 0.6550279329608939,
        "recall": 0.938,
        "f1": 0.7713815789473684
      },
      "t4": {
        "TP": 459,
        "FP": 35,
        "TN": 465,
        "FN": 41,
        "precision": 0.9291497975708503,
        "recall": 0.918,
        "f1": 0.9235412474849095
      },
      "combined": {
        "TP": 482,
        "FP": 265,
        "TN": 235,
        "FN": 18,
        "precision": 0.6452476572958501,
        "recall": 0.964,
        "f1": 0.773055332798717
      }
    },
    "organization": {
      "t3": {
        "TP": 349,
        "FP": 66,
        "TN": 434,
        "FN": 151,
        "precision": 0.8409638554216867,
        "recall": 0.698,
        "f1": 0.7628415300546448
      },
      "t4": {
        "TP": 418,
        "FP": 13,
        "TN": 487,
        "FN": 82,
        "precision": 0.9698375870069605,
        "recall": 0.836,
        "f1": 0.8979591836734694
      },
      "combined": {
        "TP": 434,
        "FP": 70,
        "TN": 430,
        "FN": 66,
        "precision": 0.8611111111111112,
        "recall": 0.868,
        "f1": 0.8645418326693227
      }
    },
    "city": {
      "t3": {
        "TP": 448,
        "FP": 97,
        "TN": 403,
        "FN": 52,
        "precision": 0.8220183486238533,
        "recall": 0.896,
        "f1": 0.8574162679425839
      },
      "t4": {
        "TP": 440,
        "FP": 53,
        "TN": 447,
        "FN": 60,
        "precision": 0.8924949290060852,
        "recall": 0.88,
        "f1": 0.8862034239677744
      },
      "combined": {
        "TP": 462,
        "FP": 135,
        "TN": 365,
        "FN": 38,
        "precision": 0.7738693467336684,
        "recall": 0.924,
        "f1": 0.8422971741112124
      }
    },
    "country": {
      "t3": {
        "TP": 166,
        "FP": 39,
        "TN": 170,
        "FN": 43,
        "precision": 0.8097560975609757,
        "recall": 0.7942583732057417,
        "f1": 0.8019323671497585
      },
      "t4": {
        "TP": 201,
        "FP": 19,
        "TN": 190,
        "FN": 8,
        "precision": 0.9136363636363637,
        "recall": 0.9617224880382775,
        "f1": 0.9370629370629371
      },
      "combined": {
        "TP": 204,
        "FP": 49,
        "TN": 160,
        "FN": 5,
        "precision": 0.8063241106719368,
        "recall": 0.9760765550239234,
        "f1": 0.8831168831168832
      }
    },
    "film": {
      "t3": {
        "TP": 211,
        "FP": 38,
        "TN": 462,
        "FN": 289,
        "precision": 0.8473895582329317,
        "recall": 0.422,
        "f1": 0.5634178905206942
      },
      "t4": {
        "TP": 312,
        "FP": 12,
        "TN": 488,
        "FN": 188,
        "precision": 0.9629629629629629,
        "recall": 0.624,
        "f1": 0.7572815533980581
      },
      "combined": {
        "TP": 330,
        "FP": 44,
        "TN": 456,
        "FN": 170,
        "precision": 0.8823529411764706,
        "recall": 0.66,
        "f1": 0.7551487414187643
      }
    },
    "book": {
      "t3": {
        "TP": 8,
        "FP": 0,
        "TN": 15,
        "FN": 7,
        "precision": 1.0,
        "recall": 0.5333333333333333,
        "f1": 0.6956521739130436
      },
      "t4": {
        "TP": 11,
        "FP": 0,
        "TN": 15,
        "FN": 4,
        "precision": 1.0,
        "recall": 0.7333333333333333,
        "f1": 0.846153846153846
      },
      "combined": {
        "TP": 12,
        "FP": 0,
        "TN": 15,
        "FN": 3,
        "precision": 1.0,
        "recall": 0.8,
        "f1": 0.888888888888889
      }
    },
    "chemical": {
      "t3": {
        "TP": 3,
        "FP": 0,
        "TN": 4,
        "FN": 1,
        "precision": 1.0,
        "recall": 0.75,
        "f1": 0.8571428571428571
      },
      "t4": {
        "TP": 3,
        "FP": 0,
        "TN": 4,
        "FN": 1,
        "precision": 1.0,
        "recall": 0.75,
        "f1": 0.8571428571428571
      },
      "combined": {
        "TP": 3,
        "FP": 0,
        "TN": 4,
        "FN": 1,
        "precision": 1.0,
        "recall": 0.75,
        "f1": 0.8571428571428571
      }
    },
    "work_of_art": {
      "t3": {
        "TP": 47,
        "FP": 0,
        "TN": 79,
        "FN": 32,
        "precision": 1.0,
        "recall": 0.5949367088607594,
        "f1": 0.7460317460317459
      },
      "t4": {
        "TP": 47,
        "FP": 0,
        "TN": 79,
        "FN": 32,
        "precision": 1.0,
        "recall": 0.5949367088607594,
        "f1": 0.7460317460317459
      },
      "combined": {
        "TP": 57,
        "FP": 0,
        "TN": 79,
        "FN": 22,
        "precision": 1.0,
        "recall": 0.7215189873417721,
        "f1": 0.8382352941176471
      }
    },
    "business": {
      "t3": {
        "TP": 458,
        "FP": 55,
        "TN": 445,
        "FN": 42,
        "precision": 0.8927875243664717,
        "recall": 0.916,
        "f1": 0.9042448173741362
      },
      "t4": {
        "TP": 435,
        "FP": 23,
        "TN": 477,
        "FN": 65,
        "precision": 0.9497816593886463,
        "recall": 0.87,
        "f1": 0.908141962421712
      },
      "combined": {
        "TP": 470,
        "FP": 66,
        "TN": 434,
        "FN": 30,
        "precision": 0.8768656716417911,
        "recall": 0.94,
        "f1": 0.9073359073359074
      }
    }
  }
}