{
  "language_pair": "en_de",
  "n_positives": 369,
  "n_negatives": 369,
  "per_bucket": {
    "person": {
      "t3": {
        "TP": 48,
        "FP": 3,
        "TN": 47,
        "FN": 2,
        "precision": 0.9411764705882353,
        "recall": 0.96,
        "f1": 0.9504950495049505
      },
      "t4": {
        "TP": 46,
        "FP": 1,
        "TN": 49,
        "FN": 4,
        "precision": 0.9787234042553191,
        "recall": 0.92,
        "f1": 0.9484536082474226
      },
      "combined": {
        "TP": 49,
        "FP": 4,
        "TN": 46,
        "FN": 1,
        "precision": 0.9245283018867925,
        "recall": 0.98,
        "f1": 0.9514563106796116
      }
    },
    "organization": {
      "t3": {
        "TP": 40,
        "FP": 5,
        "TN": 45,
        "FN": 10,
        "precision": 0.8888888888888888,
        "recall": 0.8,
        "f1": 0.8421052631578948
      },
      "t4": {
        "TP": 44,
        "FP": 0,
        "TN": 50,
        "FN": 6,
        "precision": 1.0,
        "recall": 0.88,
        "f1": 0.9361702127659575
      },
      "combined": {
        "TP": 45,
        "FP": 5,
        "TN": 45,
        "FN": 5,
        "precision": 0.9,
        "recall": 0.9,
        "f1": 0.9
      }
    },
    "city": {
      "t3": {
        "TP": 40,
        "FP": 1,
        "TN": 49,
        "FN": 10,
        "precision": 0.975609756097561,
        "recall": 0.8,
        "f1": 0.8791208791208791
      },
      "t4": {
        "TP": 43,
        "FP": 5,
        "TN": 45,
        "FN": 7,
        "precision": 0.8958333333333334,
        "recall": 0.86,
        "f1": 0.8775510204081632
      },
      "combined": {
        "TP": 44,
        "FP": 5,
        "TN": 45,
        "FN": 6,
        "precision": 0.8979591836734694,
        "recall": 0.88,
        "f1": 0.888888888888889
      }
    },
    "country": {
      "t3": {
        "TP": 38,
        "FP": 4,
        "TN": 46,
        "FN": 12,
        "precision": 0.9047619047619048,
        "recall": 0.76,
        "f1": 0.8260869565217391
      },
      "t4": {
        "TP": 48,
        "FP": 2,
        "TN": 48,
        "FN": 2,
        "precision": 0.96,
        "recall": 0.96,
        "f1": 0.96
      },
      "combined": {
        "TP": 49,
        "FP": 6,
        "TN": 44,
        "FN": 1,
        "precision": 0.8909090909090909,
        "recall": 0.98,
        "f1": 0.9333333333333333
      }
    },
    "film": {
      "t3": {
        "TP": 23,
        "FP": 0,
        "TN": 50,
        "FN": 27,
        "precision": 1.0,
        "recall": 0.46,
        "f1": 0.6301369863013699
      },
      "t4": {
        "TP": 29,
        "FP": 0,
        "TN": 50,
        "FN": 21,
        "precision": 1.0,
        "recall": 0.58,
        "f1": 0.7341772151898733
      },
      "combined": {
        "TP": 30,
        "FP": 0,
        "TN": 50,
        "FN": 20,
        "precision": 1.0,
        "recall": 0.6,
        "f1": 0.7499999999999999
      }
    },
    "book": {
      "t3": {
        "TP": 8,
        "FP": 0,
        "TN": 15,
        "FN": 7,
        "precision": 1.0,
        "recall": 0.5333333333333333,
        "f1": 0.6956521739130436
      },
      "t4": {
        "TP": 11,
        "FP": 0,
        "TN": 15,
        "FN": 4,
        "precision": 1.0,
        "recall": 0.7333333333333333,
        "f1": 0.846153846153846
      },
      "combined": {
        "TP": 12,
        "FP": 0,
        "TN": 15,
        "FN": 3,
        "precision": 1.0,
        "recall": 0.8,
        "f1": 0.888888888888889
      }
    },
    "chemical": {
      "t3": {
        "TP": 3,
        "FP": 0,
        "TN": 4,
        "FN": 1,
        "precision": 1.0,
        "recall": 0.75,
        "f1": 0.8571428571428571
      },
      "t4": {
        "TP": 3,
        "FP": 0,
        "TN": 4,
        "FN": 1,
        "precision": 1.0,
        "recall": 0.75,
        "f1": 0.8571428571428571
      },
      "combined": {
        "TP": 3,
        "FP": 0,
        "TN": 4,
        "FN": 1,
        "precision": 1.0,
        "recall": 0.75,
        "f1": 0.8571428571428571
      }
    },
    "work_of_art": {
      "t3": {
        "TP": 24,
        "FP": 0,
        "TN": 50,
        "FN": 26,
        "precision": 1.0,
        "recall": 0.48,
        "f1": 0.6486486486486487
      },
      "t4": {
        "TP": 26,
        "FP": 0,
        "TN": 50,
        "FN": 24,
        "precision": 1.0,
        "recall": 0.52,
        "f1": 0.6842105263157895
      },
      "combined": {
        "TP": 31,
        "FP": 0,
        "TN": 50,
        "FN": 19,
        "precision": 1.0,
        "recall": 0.62,
        "f1": 0.7654320987654321
      }
    },
    "business": {
      "t3": {
        "TP": 45,
        "FP": 0,
        "TN": 50,
        "FN": 5,
        "precision": 1.0,
        "recall": 0.9,
        "f1": 0.9473684210526316
      },
      "t4": {
        "TP": 43,
        "FP": 0,
        "TN": 50,
        "FN": 7,
        "precision": 1.0,
        "recall": 0.86,
        "f1": 0.924731182795699
      },
      "combined": {
        "TP": 46,
        "FP": 0,
        "TN": 50,
        "FN": 4,
        "precision": 1.0,
        "recall": 0.92,
        "f1": 0.9583333333333334
      }
    }
  }
}