{
  "language_pair": "en_ru",
  "n_positives": 2786,
  "n_negatives": 2786,
  "per_bucket": {
    "person": {
      "t3": {
        "TP": 330,
        "FP": 50,
        "TN": 450,
        "FN": 170,
        "precision": 0.868421052631579,
        "recall": 0.66,
        "f1": 0.7500000000000001
      },
      "t4": {
        "TP": 251,
        "FP": 50,
        "TN": 450,
        "FN": 249,
        "precision": 0.8338870431893688,
        "recall": 0.502,
        "f1": 0.6267166042446941
      },
      "combined": {
        "TP": 396,
        "FP": 84,
        "TN": 416,
        "FN": 104,
        "precision": 0.825,
        "recall": 0.792,
        "f1": 0.8081632653061225
      }
    },
    "organization": {
      "t3": {
        "TP": 203,
        "FP": 15,
        "TN": 485,
        "FN": 297,
        "precision": 0.9311926605504587,
        "recall": 0.406,
        "f1": 0.5654596100278552
      },
      "t4": {
        "TP": 371,
        "FP": 26,
        "TN": 474,
        "FN": 129,
        "precision": 0.9345088161209067,
        "recall": 0.742,
        "f1": 0.8272017837235227
      },
      "combined": {
        "TP": 404,
        "FP": 37,
        "TN": 463,
        "FN": 96,
        "precision": 0.9160997732426304,
        "recall": 0.808,
        "f1": 0.8586609989373007
      }
    },
    "city": {
      "t3": {
        "TP": 349,
        "FP": 45,
        "TN": 455,
        "FN": 151,
        "precision": 0.8857868020304569,
        "recall": 0.698,
        "f1": 0.7807606263982103
      },
      "t4": {
        "TP": 258,
        "FP": 63,
        "TN": 437,
        "FN": 242,
        "precision": 0.8037383177570093,
        "recall": 0.516,
        "f1": 0.628501827040195
      },
      "combined": {
        "TP": 409,
        "FP": 102,
        "TN": 398,
        "FN": 91,
        "precision": 0.8003913894324853,
        "recall": 0.818,
        "f1": 0.8090999010880316
      }
    },
    "country": {
      "t3": {
        "TP": 135,
        "FP": 31,
        "TN": 180,
        "FN": 76,
        "precision": 0.8132530120481928,
        "recall": 0.6398104265402843,
        "f1": 0.7161803713527851
      },
      "t4": {
        "TP": 195,
        "FP": 23,
        "TN": 188,
        "FN": 16,
        "precision": 0.8944954128440367,
        "recall": 0.9241706161137441,
        "f1": 0.9090909090909091
      },
      "combined": {
        "TP": 203,
        "FP": 44,
        "TN": 167,
        "FN": 8,
        "precision": 0.8218623481781376,
        "recall": 0.9620853080568721,
        "f1": 0.8864628820960699
      }
    },
    "film": {
      "t3": {
        "TP": 66,
        "FP": 6,
        "TN": 494,
        "FN": 434,
        "precision": 0.9166666666666666,
        "recall": 0.132,
        "f1": 0.23076923076923078
      },
      "t4": {
        "TP": 264,
        "FP": 20,
        "TN": 480,
        "FN": 236,
        "precision": 0.9295774647887324,
        "recall": 0.528,
        "f1": 0.673469387755102
      },
      "combined": {
        "TP": 288,
        "FP": 25,
        "TN": 475,
        "FN": 212,
        "precision": 0.9201277955271565,
        "recall": 0.576,
        "f1": 0.7084870848708487
      }
    },
    "book": {
      "t3": {
        "TP": 3,
        "FP": 0,
        "TN": 26,
        "FN": 23,
        "precision": 1.0,
        "recall": 0.11538461538461539,
        "f1": 0.20689655172413793
      },
      "t4": {
        "TP": 21,
        "FP": 1,
        "TN": 25,
        "FN": 5,
        "precision": 0.9545454545454546,
        "recall": 0.8076923076923077,
        "f1": 0.875
      },
      "combined": {
        "TP": 21,
        "FP": 1,
        "TN": 25,
        "FN": 5,
        "precision": 0.9545454545454546,
        "recall": 0.8076923076923077,
        "f1": 0.875
      }
    },
    "chemical": {
      "t3": {
        "TP": 1,
        "FP": 0,
        "TN": 3,
        "FN": 2,
        "precision": 1.0,
        "recall": 0.3333333333333333,
        "f1": 0.5
      },
      "t4": {
        "TP": 2,
        "FP": 0,
        "TN": 3,
        "FN": 1,
        "precision": 1.0,
        "recall": 0.6666666666666666,
        "f1": 0.8
      },
      "combined": {
        "TP": 2,
        "FP": 0,
        "TN": 3,
        "FN": 1,
        "precision": 1.0,
        "recall": 0.6666666666666666,
        "f1": 0.8
      }
    },
    "work_of_art": {
      "t3": {
        "TP": 7,
        "FP": 0,
        "TN": 46,
        "FN": 39,
        "precision": 1.0,
        "recall": 0.15217391304347827,
        "f1": 0.2641509433962264
      },
      "t4": {
        "TP": 23,
        "FP": 2,
        "TN": 44,
        "FN": 23,
        "precision": 0.92,
        "recall": 0.5,
        "f1": 0.647887323943662
      },
      "combined": {
        "TP": 24,
        "FP": 2,
        "TN": 44,
        "FN": 22,
        "precision": 0.9230769230769231,
        "recall": 0.5217391304347826,
        "f1": 0.6666666666666667
      }
    },
    "business": {
      "t3": {
        "TP": 434,
        "FP": 69,
        "TN": 431,
        "FN": 66,
        "precision": 0.8628230616302187,
        "recall": 0.868,
        "f1": 0.8654037886340977
      },
      "t4": {
        "TP": 438,
        "FP": 29,
        "TN": 471,
        "FN": 62,
        "precision": 0.9379014989293362,
        "recall": 0.876,
        "f1": 0.9058945191313341
      },
      "combined": {
        "TP": 465,
        "FP": 79,
        "TN": 421,
        "FN": 35,
        "precision": 0.8547794117647058,
        "recall": 0.93,
        "f1": 0.8908045977011495
      }
    }
  }
}