{
  "language_pair": "en_ru",
  "n_positives": 375,
  "n_negatives": 375,
  "per_bucket": {
    "person": {
      "t3": {
        "TP": 26,
        "FP": 1,
        "TN": 49,
        "FN": 24,
        "precision": 0.9629629629629629,
        "recall": 0.52,
        "f1": 0.6753246753246753
      },
      "t4": {
        "TP": 26,
        "FP": 3,
        "TN": 47,
        "FN": 24,
        "precision": 0.896551724137931,
        "recall": 0.52,
        "f1": 0.6582278481012658
      },
      "combined": {
        "TP": 37,
        "FP": 3,
        "TN": 47,
        "FN": 13,
        "precision": 0.925,
        "recall": 0.74,
        "f1": 0.8222222222222222
      }
    },
    "organization": {
      "t3": {
        "TP": 23,
        "FP": 0,
        "TN": 50,
        "FN": 27,
        "precision": 1.0,
        "recall": 0.46,
        "f1": 0.6301369863013699
      },
      "t4": {
        "TP": 41,
        "FP": 1,
        "TN": 49,
        "FN": 9,
        "precision": 0.9761904761904762,
        "recall": 0.82,
        "f1": 0.8913043478260869
      },
      "combined": {
        "TP": 45,
        "FP": 1,
        "TN": 49,
        "FN": 5,
        "precision": 0.9782608695652174,
        "recall": 0.9,
        "f1": 0.9375
      }
    },
    "city": {
      "t3": {
        "TP": 28,
        "FP": 1,
        "TN": 49,
        "FN": 22,
        "precision": 0.9655172413793104,
        "recall": 0.56,
        "f1": 0.7088607594936709
      },
      "t4": {
        "TP": 24,
        "FP": 6,
        "TN": 44,
        "FN": 26,
        "precision": 0.8,
        "recall": 0.48,
        "f1": 0.6
      },
      "combined": {
        "TP": 34,
        "FP": 7,
        "TN": 43,
        "FN": 16,
        "precision": 0.8292682926829268,
        "recall": 0.68,
        "f1": 0.7472527472527474
      }
    },
    "country": {
      "t3": {
        "TP": 24,
        "FP": 4,
        "TN": 46,
        "FN": 26,
        "precision": 0.8571428571428571,
        "recall": 0.48,
        "f1": 0.6153846153846153
      },
      "t4": {
        "TP": 44,
        "FP": 4,
        "TN": 46,
        "FN": 6,
        "precision": 0.9166666666666666,
        "recall": 0.88,
        "f1": 0.8979591836734694
      },
      "combined": {
        "TP": 46,
        "FP": 7,
        "TN": 43,
        "FN": 4,
        "precision": 0.8679245283018868,
        "recall": 0.92,
        "f1": 0.8932038834951457
      }
    },
    "film": {
      "t3": {
        "TP": 9,
        "FP": 0,
        "TN": 50,
        "FN": 41,
        "precision": 1.0,
        "recall": 0.18,
        "f1": 0.3050847457627119
      },
      "t4": {
        "TP": 22,
        "FP": 0,
        "TN": 50,
        "FN": 28,
        "precision": 1.0,
        "recall": 0.44,
        "f1": 0.6111111111111112
      },
      "combined": {
        "TP": 26,
        "FP": 0,
        "TN": 50,
        "FN": 24,
        "precision": 1.0,
        "recall": 0.52,
        "f1": 0.6842105263157895
      }
    },
    "book": {
      "t3": {
        "TP": 3,
        "FP": 0,
        "TN": 26,
        "FN": 23,
        "precision": 1.0,
        "recall": 0.11538461538461539,
        "f1": 0.20689655172413793
      },
      "t4": {
        "TP": 21,
        "FP": 1,
        "TN": 25,
        "FN": 5,
        "precision": 0.9545454545454546,
        "recall": 0.8076923076923077,
        "f1": 0.875
      },
      "combined": {
        "TP": 21,
        "FP": 1,
        "TN": 25,
        "FN": 5,
        "precision": 0.9545454545454546,
        "recall": 0.8076923076923077,
        "f1": 0.875
      }
    },
    "chemical": {
      "t3": {
        "TP": 1,
        "FP": 0,
        "TN": 3,
        "FN": 2,
        "precision": 1.0,
        "recall": 0.3333333333333333,
        "f1": 0.5
      },
      "t4": {
        "TP": 2,
        "FP": 0,
        "TN": 3,
        "FN": 1,
        "precision": 1.0,
        "recall": 0.6666666666666666,
        "f1": 0.8
      },
      "combined": {
        "TP": 2,
        "FP": 0,
        "TN": 3,
        "FN": 1,
        "precision": 1.0,
        "recall": 0.6666666666666666,
        "f1": 0.8
      }
    },
    "work_of_art": {
      "t3": {
        "TP": 7,
        "FP": 0,
        "TN": 46,
        "FN": 39,
        "precision": 1.0,
        "recall": 0.15217391304347827,
        "f1": 0.2641509433962264
      },
      "t4": {
        "TP": 23,
        "FP": 2,
        "TN": 44,
        "FN": 23,
        "precision": 0.92,
        "recall": 0.5,
        "f1": 0.647887323943662
      },
      "combined": {
        "TP": 24,
        "FP": 2,
        "TN": 44,
        "FN": 22,
        "precision": 0.9230769230769231,
        "recall": 0.5217391304347826,
        "f1": 0.6666666666666667
      }
    },
    "business": {
      "t3": {
        "TP": 48,
        "FP": 2,
        "TN": 48,
        "FN": 2,
        "precision": 0.96,
        "recall": 0.96,
        "f1": 0.96
      },
      "t4": {
        "TP": 47,
        "FP": 1,
        "TN": 49,
        "FN": 3,
        "precision": 0.9791666666666666,
        "recall": 0.94,
        "f1": 0.9591836734693877
      },
      "combined": {
        "TP": 49,
        "FP": 3,
        "TN": 47,
        "FN": 1,
        "precision": 0.9423076923076923,
        "recall": 0.98,
        "f1": 0.9607843137254902
      }
    }
  }
}