{
  "language_pair": "en_fr",
  "n_positives": 388,
  "n_negatives": 388,
  "per_bucket": {
    "person": {
      "t3": {
        "TP": 43,
        "FP": 3,
        "TN": 47,
        "FN": 7,
        "precision": 0.9347826086956522,
        "recall": 0.86,
        "f1": 0.8958333333333334
      },
      "t4": {
        "TP": 40,
        "FP": 1,
        "TN": 49,
        "FN": 10,
        "precision": 0.975609756097561,
        "recall": 0.8,
        "f1": 0.8791208791208791
      },
      "combined": {
        "TP": 45,
        "FP": 3,
        "TN": 47,
        "FN": 5,
        "precision": 0.9375,
        "recall": 0.9,
        "f1": 0.9183673469387755
      }
    },
    "organization": {
      "t3": {
        "TP": 36,
        "FP": 2,
        "TN": 48,
        "FN": 14,
        "precision": 0.9473684210526315,
        "recall": 0.72,
        "f1": 0.8181818181818181
      },
      "t4": {
        "TP": 40,
        "FP": 0,
        "TN": 50,
        "FN": 10,
        "precision": 1.0,
        "recall": 0.8,
        "f1": 0.888888888888889
      },
      "combined": {
        "TP": 47,
        "FP": 2,
        "TN": 48,
        "FN": 3,
        "precision": 0.9591836734693877,
        "recall": 0.94,
        "f1": 0.9494949494949495
      }
    },
    "city": {
      "t3": {
        "TP": 43,
        "FP": 1,
        "TN": 49,
        "FN": 7,
        "precision": 0.9772727272727273,
        "recall": 0.86,
        "f1": 0.9148936170212766
      },
      "t4": {
        "TP": 42,
        "FP": 4,
        "TN": 46,
        "FN": 8,
        "precision": 0.9130434782608695,
        "recall": 0.84,
        "f1": 0.8749999999999999
      },
      "combined": {
        "TP": 47,
        "FP": 4,
        "TN": 46,
        "FN": 3,
        "precision": 0.9215686274509803,
        "recall": 0.94,
        "f1": 0.9306930693069307
      }
    },
    "country": {
      "t3": {
        "TP": 33,
        "FP": 4,
        "TN": 46,
        "FN": 17,
        "precision": 0.8918918918918919,
        "recall": 0.66,
        "f1": 0.7586206896551725
      },
      "t4": {
        "TP": 40,
        "FP": 2,
        "TN": 48,
        "FN": 10,
        "precision": 0.9523809523809523,
        "recall": 0.8,
        "f1": 0.8695652173913043
      },
      "combined": {
        "TP": 47,
        "FP": 6,
        "TN": 44,
        "FN": 3,
        "precision": 0.8867924528301887,
        "recall": 0.94,
        "f1": 0.912621359223301
      }
    },
    "film": {
      "t3": {
        "TP": 18,
        "FP": 0,
        "TN": 50,
        "FN": 32,
        "precision": 1.0,
        "recall": 0.36,
        "f1": 0.5294117647058824
      },
      "t4": {
        "TP": 32,
        "FP": 0,
        "TN": 50,
        "FN": 18,
        "precision": 1.0,
        "recall": 0.64,
        "f1": 0.7804878048780487
      },
      "combined": {
        "TP": 32,
        "FP": 0,
        "TN": 50,
        "FN": 18,
        "precision": 1.0,
        "recall": 0.64,
        "f1": 0.7804878048780487
      }
    },
    "book": {
      "t3": {
        "TP": 24,
        "FP": 0,
        "TN": 36,
        "FN": 12,
        "precision": 1.0,
        "recall": 0.6666666666666666,
        "f1": 0.8
      },
      "t4": {
        "TP": 28,
        "FP": 0,
        "TN": 36,
        "FN": 8,
        "precision": 1.0,
        "recall": 0.7777777777777778,
        "f1": 0.8750000000000001
      },
      "combined": {
        "TP": 28,
        "FP": 0,
        "TN": 36,
        "FN": 8,
        "precision": 1.0,
        "recall": 0.7777777777777778,
        "f1": 0.8750000000000001
      }
    },
    "chemical": {
      "t3": {
        "TP": 1,
        "FP": 0,
        "TN": 2,
        "FN": 1,
        "precision": 1.0,
        "recall": 0.5,
        "f1": 0.6666666666666666
      },
      "t4": {
        "TP": 2,
        "FP": 0,
        "TN": 2,
        "FN": 0,
        "precision": 1.0,
        "recall": 1.0,
        "f1": 1.0
      },
      "combined": {
        "TP": 2,
        "FP": 0,
        "TN": 2,
        "FN": 0,
        "precision": 1.0,
        "recall": 1.0,
        "f1": 1.0
      }
    },
    "work_of_art": {
      "t3": {
        "TP": 21,
        "FP": 0,
        "TN": 50,
        "FN": 29,
        "precision": 1.0,
        "recall": 0.42,
        "f1": 0.5915492957746479
      },
      "t4": {
        "TP": 34,
        "FP": 3,
        "TN": 47,
        "FN": 16,
        "precision": 0.918918918918919,
        "recall": 0.68,
        "f1": 0.7816091954022989
      },
      "combined": {
        "TP": 36,
        "FP": 3,
        "TN": 47,
        "FN": 14,
        "precision": 0.9230769230769231,
        "recall": 0.72,
        "f1": 0.8089887640449438
      }
    },
    "business": {
      "t3": {
        "TP": 45,
        "FP": 0,
        "TN": 50,
        "FN": 5,
        "precision": 1.0,
        "recall": 0.9,
        "f1": 0.9473684210526316
      },
      "t4": {
        "TP": 43,
        "FP": 3,
        "TN": 47,
        "FN": 7,
        "precision": 0.9347826086956522,
        "recall": 0.86,
        "f1": 0.8958333333333334
      },
      "combined": {
        "TP": 47,
        "FP": 3,
        "TN": 47,
        "FN": 3,
        "precision": 0.94,
        "recall": 0.94,
        "f1": 0.94
      }
    }
  }
}