{
  "language_pair": "en_fr",
  "n_positives": 2857,
  "n_negatives": 2857,
  "per_bucket": {
    "person": {
      "t3": {
        "TP": 446,
        "FP": 165,
        "TN": 335,
        "FN": 54,
        "precision": 0.7299509001636661,
        "recall": 0.892,
        "f1": 0.802880288028803
      },
      "t4": {
        "TP": 432,
        "FP": 22,
        "TN": 478,
        "FN": 68,
        "precision": 0.9515418502202643,
        "recall": 0.864,
        "f1": 0.9056603773584905
      },
      "combined": {
        "TP": 466,
        "FP": 170,
        "TN": 330,
        "FN": 34,
        "precision": 0.7327044025157232,
        "recall": 0.932,
        "f1": 0.8204225352112675
      }
    },
    "organization": {
      "t3": {
        "TP": 284,
        "FP": 46,
        "TN": 454,
        "FN": 216,
        "precision": 0.8606060606060606,
        "recall": 0.568,
        "f1": 0.6843373493975904
      },
      "t4": {
        "TP": 417,
        "FP": 18,
        "TN": 482,
        "FN": 83,
        "precision": 0.9586206896551724,
        "recall": 0.834,
        "f1": 0.8919786096256684
      },
      "combined": {
        "TP": 438,
        "FP": 57,
        "TN": 443,
        "FN": 62,
        "precision": 0.8848484848484849,
        "recall": 0.876,
        "f1": 0.8804020100502513
      }
    },
    "city": {
      "t3": {
        "TP": 437,
        "FP": 86,
        "TN": 414,
        "FN": 63,
        "precision": 0.8355640535372849,
        "recall": 0.874,
        "f1": 0.8543499511241447
      },
      "t4": {
        "TP": 422,
        "FP": 49,
        "TN": 451,
        "FN": 78,
        "precision": 0.8959660297239915,
        "recall": 0.844,
        "f1": 0.8692070030895982
      },
      "combined": {
        "TP": 460,
        "FP": 123,
        "TN": 377,
        "FN": 40,
        "precision": 0.7890222984562607,
        "recall": 0.92,
        "f1": 0.8494921514312097
      }
    },
    "country": {
      "t3": {
        "TP": 159,
        "FP": 36,
        "TN": 175,
        "FN": 52,
        "precision": 0.8153846153846154,
        "recall": 0.7535545023696683,
        "f1": 0.7832512315270936
      },
      "t4": {
        "TP": 187,
        "FP": 20,
        "TN": 191,
        "FN": 24,
        "precision": 0.9033816425120773,
        "recall": 0.8862559241706162,
        "f1": 0.8947368421052632
      },
      "combined": {
        "TP": 202,
        "FP": 45,
        "TN": 166,
        "FN": 9,
        "precision": 0.8178137651821862,
        "recall": 0.957345971563981,
        "f1": 0.8820960698689957
      }
    },
    "film": {
      "t3": {
        "TP": 194,
        "FP": 26,
        "TN": 474,
        "FN": 306,
        "precision": 0.8818181818181818,
        "recall": 0.388,
        "f1": 0.538888888888889
      },
      "t4": {
        "TP": 306,
        "FP": 15,
        "TN": 485,
        "FN": 194,
        "precision": 0.9532710280373832,
        "recall": 0.612,
        "f1": 0.7454323995127893
      },
      "combined": {
        "TP": 317,
        "FP": 34,
        "TN": 466,
        "FN": 183,
        "precision": 0.9031339031339032,
        "recall": 0.634,
        "f1": 0.7450058754406581
      }
    },
    "book": {
      "t3": {
        "TP": 24,
        "FP": 0,
        "TN": 36,
        "FN": 12,
        "precision": 1.0,
        "recall": 0.6666666666666666,
        "f1": 0.8
      },
      "t4": {
        "TP": 28,
        "FP": 0,
        "TN": 36,
        "FN": 8,
        "precision": 1.0,
        "recall": 0.7777777777777778,
        "f1": 0.8750000000000001
      },
      "combined": {
        "TP": 28,
        "FP": 0,
        "TN": 36,
        "FN": 8,
        "precision": 1.0,
        "recall": 0.7777777777777778,
        "f1": 0.8750000000000001
      }
    },
    "chemical": {
      "t3": {
        "TP": 1,
        "FP": 0,
        "TN": 2,
        "FN": 1,
        "precision": 1.0,
        "recall": 0.5,
        "f1": 0.6666666666666666
      },
      "t4": {
        "TP": 2,
        "FP": 0,
        "TN": 2,
        "FN": 0,
        "precision": 1.0,
        "recall": 1.0,
        "f1": 1.0
      },
      "combined": {
        "TP": 2,
        "FP": 0,
        "TN": 2,
        "FN": 0,
        "precision": 1.0,
        "recall": 1.0,
        "f1": 1.0
      }
    },
    "work_of_art": {
      "t3": {
        "TP": 47,
        "FP": 2,
        "TN": 106,
        "FN": 61,
        "precision": 0.9591836734693877,
        "recall": 0.4351851851851852,
        "f1": 0.5987261146496816
      },
      "t4": {
        "TP": 78,
        "FP": 5,
        "TN": 103,
        "FN": 30,
        "precision": 0.9397590361445783,
        "recall": 0.7222222222222222,
        "f1": 0.8167539267015707
      },
      "combined": {
        "TP": 82,
        "FP": 7,
        "TN": 101,
        "FN": 26,
        "precision": 0.9213483146067416,
        "recall": 0.7592592592592593,
        "f1": 0.8324873096446701
      }
    },
    "business": {
      "t3": {
        "TP": 450,
        "FP": 65,
        "TN": 435,
        "FN": 50,
        "precision": 0.8737864077669902,
        "recall": 0.9,
        "f1": 0.8866995073891626
      },
      "t4": {
        "TP": 439,
        "FP": 21,
        "TN": 479,
        "FN": 61,
        "precision": 0.9543478260869566,
        "recall": 0.878,
        "f1": 0.9145833333333333
      },
      "combined": {
        "TP": 470,
        "FP": 73,
        "TN": 427,
        "FN": 30,
        "precision": 0.8655616942909761,
        "recall": 0.94,
        "f1": 0.9012464046021093
      }
    }
  }
}